{
    "1": -12.900632439684168,
    "2": 0.0,
    "3": 0.0,
    "4": 0.0,
    "5": 0.0,
    "6": -154.70686877782552,
    "7": -272.3440668486354,
    "8": -442.94101497596495,
    "9": -655.8469311433074
}